epoch,lr-AdamW,step,train/loss
,0.0003,0,
0,,9,1.1946569681167603
0,,19,0.3853728771209717
0,,29,0.25428885221481323
